h,fPlus,fMinus,deltaForward,dfForward,dfCentral
0.1,inf,inf,inf,nan,nan
0.01,4.994571498662028e-05,-0.00042342751128410325,0.0005438558900152657,0.05438558900152657,0.023668661313536177
0.001,-0.0004557494169764595,-0.0005265346226982501,3.8160758052185884e-05,0.038160758052185884,0.035392602860895295
0.0001,-0.0004903323778838739,-0.0004974327391854558,3.5777971447714663e-06,0.03577797144771466,0.03550180650790935
1e-05,-0.0004935548739032356,-0.000494278013851158,3.553011254098237e-07,0.03553011254098237,0.03615699739611955
1e-06,-0.0004938746697907845,-0.000493958760349301,3.550523786088888e-08,0.03550523786088888,0.042045279258218216
1e-07,-0.0004939197095742429,-0.0004939137252554246,-9.534545597489341e-09,-0.09534545597489341,-0.029921594091320003
1e-08,-0.0004939098199704403,-0.0004939105300868505,3.5505820505932206e-10,0.035505820505932206,0.035505820505932206
1e-09,-0.0004939101395299303,-0.0004939102105842039,3.5498715078574605e-11,0.035498715078574605,0.03552713678800501
1e-10,-0.00049391017144751,-0.0004939101786950459,3.581135388230905e-12,0.03581135388230905,0.03623767952376511
1e-11,-0.0004939101746875849,-0.0004939232602557695,3.410605131648481e-13,0.03410605131648481,654.2784092289367
1e-12,-0.0004939101749575911,-0.0004939101750570671,7.105427357601002e-14,0.07105427357601002,0.04973799150320701
1e-13,-0.0004939101750286454,-0.0004939101750144346,0.0,0.0,-0.07105427357601002
1e-14,-0.0004939101750286454,-0.0004939101750286454,0.0,0.0,0.0
1e-15,-0.0004939232886490572,-0.0004939101750286454,-1.3113620411786542e-08,-13113620.411786541,-6556810.205893271
1e-16,-0.0004939101750286454,-0.0004939101750286454,0.0,0.0,0.0
1e-17,-0.0004939101750286454,-0.0004939101750428563,0.0,0.0,710.5427357601002
1e-18,-0.0004939101750286454,-0.0004939101750286454,0.0,0.0,0.0
1e-19,-0.0004939101750286454,-0.0004939101750286454,0.0,0.0,0.0
1e-20,-0.0004939101750286454,-0.0004939101750286454,0.0,0.0,0.0
1e-21,-0.0004939101750286454,-0.0004939101750286454,0.0,0.0,0.0
1e-22,-0.0004939101750286454,-0.0004939101750286454,0.0,0.0,0.0
