h,fPlus,fMinus,deltaForward,dfForward,dfCentral
0.1,inf,inf,inf,nan,nan
0.01,10.014990047155276,inf,7.004056976584816,700.4056976584816,700.4056976584816
0.001,6.841570115122113,10.858098084844254,3.8306370445516524,3830.6370445516523,-2008.2639848610709
0.0001,2.999228958210644,3.0233742091174665,-0.011704112359816055,-117.04112359816054,-120.72625453411145
1e-05,3.0097820291307276,3.0118593393544693,-0.0011510414397326585,-115.10414397326583,-103.86551118708452
1e-06,3.010614868719837,3.0108984312798945,-0.0003182018506233675,-318.2018506233675,-141.78128002884094
1e-07,3.010936465757014,3.010929662924744,3.395186553678542e-06,33.95186553678542,34.014161349738
1e-08,3.010933410675473,3.0109327359730673,3.4010501259729153e-07,34.01050125972915,33.73512027504688
1e-09,3.01093310458941,3.0109330365565103,3.401894987931087e-08,34.01894987931087,34.016449879104016
1e-10,3.0109330739780695,3.010933072773621,3.4076093058388324e-09,34.076093058388324,6.022242704517566
1e-11,3.0109330709127256,3.0109330702332726,3.422653271911713e-10,34.22653271911713,33.97264691784585
1e-12,3.010933070601814,3.0109330705342976,3.135358639383412e-11,31.35358639383412,33.758107420567285
1e-13,3.0109330705750788,3.010933070570901,4.618527782440651e-12,46.18527782440651,20.887735985297695
1e-14,3.010933070570001,3.0109330705760806,-4.591882429849647e-13,-45.918824298496475,-303.97906414236786
1e-15,3.0109330705754243,3.010933070570526,4.964029187704e-12,4964.029187704,2449.1519923230953
1e-16,3.0109330705704482,3.0109330761712347,-1.199040866595169e-14,-119.9040866595169,-28003932.506237563
1e-17,3.0109330705704545,3.0109330705704602,-5.773159728050814e-15,-577.3159728050814,-288.6579864025407
1e-18,3.0109330705704545,3.0109330705754602,-5.773159728050814e-15,-5773.159728050814,-2502886.786714953
1e-19,3.0109330705704602,3.0109330705704602,0.0,0.0,0.0
1e-20,3.0109330705704602,3.0109330705704602,0.0,0.0,0.0
1e-21,3.0109330705704602,3.0109330705704602,0.0,0.0,0.0
1e-22,3.0109330705704602,3.0109330705704602,0.0,0.0,0.0
