h,fPlus,fMinus,deltaForward,dfForward,dfCentral
0.1,inf,inf,inf,nan,nan
0.01,1.6894770664637022,inf,0.021083667619819835,2.1083667619819835,2.1083667619819835
0.001,1.6815071469182676,1.6584526923807985,0.013113748074385256,13.113748074385256,11.527227268734563
0.0001,1.6695746667031166,1.6672388105285023,0.0011812678592342252,11.812678592342252,11.679280873071463
1e-05,1.6685100731897826,1.6682765554558436,0.00011667434590023618,11.667434590023616,11.675886696949076
1e-06,1.6684049599263204,1.6683816380926508,1.1561082438049652e-05,11.561082438049652,11.660916834799195
1e-07,1.6683945530089161,1.6683922451162587,1.1541650337676401e-06,11.541650337676401,11.539463287135732
1e-08,1.6683935142407655,1.668393283451426,1.1539688316020147e-07,11.539688316020147,11.539466981957958
1e-09,1.668393410383377,1.6683933873044445,1.1539494693124652e-08,11.539494693124652,11.539466271415222
1e-10,1.6683933999978713,1.6683933976899503,1.1539889044343e-09,11.539889044343,11.539604827248695
1e-11,1.6683933989592887,1.6683933987284902,1.1540635114215547e-10,11.540635114215547,11.539924571479787
1e-12,1.6683933988554642,1.668393398832361,1.1581846592889633e-11,11.581846592889633,11.551648526619829
1e-13,1.6683933988450441,1.6683933988427313,1.1617373729677638e-12,11.617373729677638,11.56408302449563
1e-14,1.6683933988440138,1.6683933988437865,1.3145040611561853e-13,13.145040611561853,11.368683772161603
1e-15,1.668393398843893,1.6683933988438682,1.0658141036401503e-14,10.658141036401503,12.434497875801751
1e-16,1.6683933988438824,1.6683933988438824,0.0,0.0,0.0
1e-17,1.6683933988438824,1.6683933988438824,0.0,0.0,0.0
1e-18,1.6683933988438824,1.6683933988438824,0.0,0.0,0.0
1e-19,1.6683933988438824,1.6683933988438824,0.0,0.0,0.0
1e-20,1.6683933988438824,1.6683933988438824,0.0,0.0,0.0
1e-21,1.6683933988438824,1.6683933988438824,0.0,0.0,0.0
1e-22,1.6683933988438824,1.6683933988438824,0.0,0.0,0.0
