h,fPlus,fMinus,deltaForward,dfForward,dfCentral
0.1,1.6805849068351755,1.6552418905302098,0.012191507991293093,0.12191507991293093,0.12671508152482858
0.01,1.6696537471825792,1.6671230447929055,0.001260348338696815,0.1260348338696815,0.1265351194836839
0.001,1.6685197088878603,1.6682666672978712,0.00012631004397789525,0.12631004397789525,0.1265207949945335
0.0001,1.6684060289574454,1.6683807604769072,1.2630113563005807e-05,0.12630113563005807,0.12634240269093766
1e-05,1.668394661845607,1.668392135844396,1.263001724538526e-06,0.1263001724538526,0.12630006054337173
1e-06,1.6683935251439763,1.6683932725438453,1.263000939388803e-07,0.1263000939388803,0.12630006551717088
1e-07,1.6683934114738896,1.6683933862138858,1.2630007262259824e-08,0.12630007262259824,0.12630001933189305
1e-08,1.6683934001069112,1.6683933975809104,1.2630287926640449e-09,0.1263028792664045,0.12630003709546145
1e-09,1.668393398970231,1.6683933987176296,1.2634870927286102e-10,0.12634870927286102,0.1263007476381972
1e-10,1.6683933988565265,1.6683933988312845,1.2644107982850983e-11,0.12644107982850983,0.1262101534393878
1e-11,1.6683933988451827,1.6683933988426602,1.3002932064409833e-12,0.13002932064409833,0.12612133559741778
1e-12,1.6683933988440103,1.668393398843751,1.2789769243681803e-13,0.12789769243681803,0.12967404927621828
1e-13,1.668393398843893,1.668393398843861,1.0658141036401503e-14,0.10658141036401503,0.15987211554602254
1e-14,1.6683933988438824,1.6683933988438753,0.0,0.0,0.3552713678800501
1e-15,1.6683933988438824,1.6683933988438753,0.0,0.0,3.5527136788005005
1e-16,1.6683933988438824,1.6683933988438824,0.0,0.0,0.0
1e-17,1.6683933988438824,1.6683933988438824,0.0,0.0,0.0
1e-18,1.6683933988438824,1.6683933988438824,0.0,0.0,0.0
1e-19,1.6683933988438824,1.6683933988438824,0.0,0.0,0.0
1e-20,1.6683933988438824,1.6683933988438824,0.0,0.0,0.0
1e-21,1.6683933988438824,1.6683933988438824,0.0,0.0,0.0
1e-22,1.6683933988438824,1.6683933988438824,0.0,0.0,0.0
