h,fPlus,fMinus,deltaForward,dfForward,dfCentral
0.1,0.0009960785422423726,0.0009955292916951066,2.6050599188920387e-07,2.6050599188920387e-06,2.7462527363297795e-06
0.01,0.00099584533208008,0.0009957904563281375,2.7295829596596377e-08,2.7295829596596377e-06,2.743787597125902e-06
0.001,0.0009958207785937248,0.0009958152910686238,2.7423432413797855e-09,2.7423432413797855e-06,2.7437625504944663e-06
0.0001,0.0009958182748294178,0.0009958177618601951,2.3857893438616884e-10,2.3857893438616884e-06,2.5648461132732336e-06
1e-05,0.0009958180636916438,0.0009958180088164284,2.744116045505507e-11,2.7441160455055065e-06,2.7437607741376264e-06
1e-06,0.0009958180389896256,0.0009958180335113411,2.7391422463551862e-12,2.7391422463551862e-06,2.7391422463551862e-06
1e-07,0.0009958180365311478,0.0009958180001868868,2.8066438062523957e-13,2.8066438062523957e-06,0.00018172130467064562
1e-08,0.0009958180362753524,0.0009958180004391295,2.4868995751603507e-14,2.4868995751603507e-06,0.0017918111439030326
1e-09,0.0009958180362504834,0.0009958180362469307,0.0,0.0,1.7763568394002503e-06
1e-10,0.0009958180362504834,0.0009958180362504834,0.0,0.0,0.0
1e-11,0.0009958180362504834,0.0009958180362504834,0.0,0.0,0.0
1e-12,0.0009958180362504834,0.0009958180362504834,0.0,0.0,0.0
1e-13,0.0009958180362504834,0.0009958180362504834,0.0,0.0,0.0
1e-14,0.0009958180362504834,0.0009958180362504834,0.0,0.0,0.0
1e-15,0.0009958180004675512,0.0009958180362504834,-3.5782932172878645e-11,-35782.932172878645,-17891.466086439323
1e-16,0.0009958180362504834,0.0009958180362504834,0.0,0.0,0.0
1e-17,0.0009958180362504834,0.0009958180362504834,0.0,0.0,0.0
1e-18,0.0009958180362504834,0.0009958180362504834,0.0,0.0,0.0
1e-19,0.0009958180362504834,0.0009958180362504834,0.0,0.0,0.0
1e-20,0.0009958180362504834,0.0009958180362504834,0.0,0.0,0.0
1e-21,0.0009958180362504834,0.0009958180362504834,0.0,0.0,0.0
1e-22,0.0009958180362504834,0.0009958180362504834,0.0,0.0,0.0
