h,fPlus,fMinus,deltaForward,dfForward,dfCentral
0.1,0.002486989750734969,0.004553655895834817,-0.0008731806482320547,-0.008731806482320546,-0.010333330725499239
0.01,0.00326008974414704,0.0034634418604024713,-0.00010008065481998405,-0.010008065481998405,-0.010167605812771572
0.001,0.0033500210805192184,0.0033703529453140884,-1.0149318447805547e-05,-0.010149318447805547,-0.010165932397434999
0.0001,0.0033591540399001796,0.003361187222564408,-1.016359066844351e-06,-0.010163590668443509,-0.01016591332114302
1e-05,0.0033600687487808736,0.003360272067030351,-1.0165018615032606e-07,-0.010165018615032606,-0.01016591247386938
1e-06,0.0033601602338069365,0.003360180565631911,-1.0165160087369923e-08,-0.010165160087369923,-0.010165912487248435
1e-07,0.0033601693824521247,0.0033601714156376076,-1.016514899164489e-09,-0.01016514899164489,-0.010165927414110265
1e-08,0.0033601702973157046,0.003360170500638715,-1.0165131930639504e-10,-0.010165131930639504,-0.01016615051689651
1e-09,0.0033601703888087404,0.003360170409136351,-1.0158283502564869e-11,-0.010158283502564869,-0.010163805344229337
1e-10,0.003360170397949925,0.003360170399989429,-1.0170987316260316e-12,-0.010170987316260316,-0.010197519911825381
1e-11,0.0033601703988705876,0.003360170399078132,-9.643631379563367e-14,-0.009643631379563367,-0.010377224253510509
1e-12,0.0033601703989581226,0.0033601703989746784,-8.901299836105991e-15,-0.008901299836105991,-0.008277883586926826
1e-13,0.0033601703989673383,0.0033601703989671592,3.144186300207963e-16,0.003144186300207963,0.0008955509944730267
1e-14,0.0033601703989667945,0.0033601703989671393,-2.2941717969793274e-16,-0.022941717969793274,-0.01723881454251952
1e-15,0.003360170398966571,0.003360170398967024,-4.527628272299467e-16,-0.4527628272299466,-0.2263814136149733
1e-16,0.003360170398967024,0.003360170398967024,0.0,0.0,0.0
1e-17,0.003360170398967024,0.003360170398967024,0.0,0.0,0.0
1e-18,0.003360170398967024,0.003360170398967024,0.0,0.0,0.0
1e-19,0.003360170398967024,0.003360170398967024,0.0,0.0,0.0
1e-20,0.003360170398967024,0.003360170398967024,0.0,0.0,0.0
1e-21,0.003360170398967024,0.003360170398967024,0.0,0.0,0.0
1e-22,0.003360170398967024,0.003360170398967024,0.0,0.0,0.0
